"Which programming language did you use tsolve coding problems in Codevita, and why dyou prefer that?"
"The interviewer will inquire about the coding problems you had solved and how you approached them. (Yes, in TCS interviews, they will sometimes ask you about the codes you have written, sit is best if you are familiar with them and can solve them independently.)"
Toggle the word cases in a given string.
Detecting loops in a linked list.
Asked me about sorting algorithms and their time complexities. (various approaches ranging from brute force toptimization)
How can you implement Sudoku Solver? (answer- Using backtracking)
 What is the default value of global and local variables?
"OOPS Concepts (OOPS, concepts, without a doubt, are the foundation of any high-level programming language; thus, it is critical thave a thorough understanding of each underlined OOPS concept. OOPS is alsregarded as a hot topic for technical rounds.):"
What are static and dynamic polymorphisms?
What are class and object? Provide examples. 
Create a class Employee working in a company and explain the object in detail. 
About Abstract class and friend function.
"About databases, Normalization, and Acid properties."
Boolean expressions and their use in programming.
What is the role of finally block in exception handling?
"You might alsbe asked questions on a bit more complicated concepts like Bit Manipulation, Memory Management etc."
"Tcheck Armstrong's number, count the number of unique letters in a string."
Explain the working of binary search. Write code for creating a linked list.
What is bootstrap?
What is MySQL triggering?
In which folder you keep your all the php files? (htdocs.)
How you will access middle element of linked list?
What is API. Have you used any API.
Garbage collector in java.
Insert an element intBST in C. 
