Technical Questions:,,,
(No specific questions were provided),,,
Coding Round:,,,
Brief Description: In this round, the candidate will be given 3-4 coding questions to solve, with an average difficulty level. You can write the code in any language. If you are comfortable with strings and arrays, you can clear this round easily. Candidates should be well-versed in all the syntax of any language.
What are the different stages of the Software Development Lifecycle (SDLC)? Name a few well-known SDLC models.,,,
What is the difference between functional and non-functional requirements (NFRs)?,,,
Explain Modularization.,,,
What are the main features of OOPs?,,,
What are the benefits of a database management system (DBMS)? Mention the many DBMS languages available.,,,
What are the ACID attributes of a database management system (DBMS)?,,,
What distinguishes Java from C++?,,,
"What do you mean when you say ""class"" and ""object""?",,,
What are some of the most widely used Object-Oriented Programming languages? Is it possible to execute a Java application without using the OOPs concept?,,,
Define exception handling.,,,
Define Hypertext Preprocessor.,,,
What is a session in PHP?,,,
What does PEAR stand for?,,,
What exactly is JSX?,,,
