"Find the expected outputs of programs written in C++, Java, and Python."
Coding question based on classes in Java.
Four pillars of OOPS.
Real-world examples of OOPS.
Basic questions on Java.
"SQL queries based on scenarios involving joins, TCL commands (Rollback and Commit)."
 Tech stacks you know.
"Data Structures and Algorithms questions, including:"
Trees
Graphs
Priority queues
Time complexity
Space complexity
"Solve a problem on a graph (e.g., based on Dijkstra's algorithm)."
Test your knowledge about the tech stack you know and have added to your portfolio.
